City_ID,City,Country,Date,Lat,Lng,Max Temp,Humidity,Cloudiness,Wind Speed
0,Tilichiki,RU,2021-01-10 03:47:09,60.4667,166.1,-18.83,86,25,11.95
1,Gold Coast,AU,2021-01-10 03:42:58,-28.0,153.4333,82.0,61,75,21.85
2,Troitsko-Pechorsk,RU,2021-01-10 03:47:10,62.7084,56.1964,-5.55,90,0,5.21
3,Ribeira Grande,PT,2021-01-10 03:44:00,38.5167,-28.7,59.81,73,100,16.26
4,Santa Marta,CO,2021-01-10 03:47:10,11.2408,-74.199,84.0,67,97,17.0
5,Luanda,AO,2021-01-10 03:42:21,-8.8368,13.2343,73.4,94,40,3.44
6,Novikovo,RU,2021-01-10 03:45:33,51.1537,37.8879,29.75,94,94,14.61
7,Cidreira,BR,2021-01-10 03:45:25,-30.1811,-50.2056,77.04,80,0,18.37
8,Ushuaia,AR,2021-01-10 03:44:39,-54.8,-68.3,44.6,87,40,19.57
9,Altay,CN,2021-01-10 03:45:07,47.8667,88.1167,-1.07,70,0,1.97
10,Hobart,AU,2021-01-10 03:46:35,-42.8794,147.3294,75.0,56,40,16.11
11,Pangobilian,PH,2021-01-10 03:47:12,8.8011,117.8594,83.73,73,77,18.34
12,Rikitea,PF,2021-01-10 03:43:38,-23.1203,-134.9692,78.76,76,100,14.65
13,Hithadhoo,MV,2021-01-10 03:44:16,-0.6,73.0833,81.36,72,100,10.71
14,Cabo San Lucas,MX,2021-01-10 03:45:16,22.8909,-109.9124,64.4,68,1,2.3
15,Najran,SA,2021-01-10 03:47:13,17.4924,44.1277,44.6,42,0,1.16
16,Butaritari,KI,2021-01-10 03:47:13,3.0707,172.7902,80.46,82,100,18.92
17,Braunfels,DE,2021-01-10 03:47:13,50.5155,8.3892,32.0,96,2,1.25
18,Chokurdakh,RU,2021-01-10 03:47:14,70.6333,147.9167,-24.27,87,100,3.85
19,Biak,ID,2021-01-10 03:47:14,-0.9131,122.8766,85.69,64,4,1.66
20,Beringovskiy,RU,2021-01-10 03:44:51,63.05,179.3167,-14.87,88,98,12.17
21,Andahuaylas,PE,2021-01-10 03:47:14,-13.6556,-73.3872,49.89,81,67,1.01
22,Kruisfontein,ZA,2021-01-10 03:44:47,-34.0033,24.7314,66.99,76,0,1.01
23,Port Alfred,ZA,2021-01-10 03:44:00,-33.5906,26.891,69.01,85,18,5.01
24,Atar,MR,2021-01-10 03:45:26,20.5169,-13.0499,57.36,49,0,15.86
25,Aguimes,ES,2021-01-10 03:47:15,27.9054,-15.4461,59.0,67,20,8.05
26,Kavieng,PG,2021-01-10 03:44:05,-2.5744,150.7967,85.55,69,98,6.98
27,Busselton,AU,2021-01-10 03:47:16,-33.65,115.3333,73.0,65,97,10.0
28,Bhatkal,IN,2021-01-10 03:46:49,13.9667,74.5667,81.34,74,55,3.65
29,Bethel,US,2021-01-10 03:44:21,41.3712,-73.414,30.2,47,1,10.36
30,Makakilo City,US,2021-01-10 03:47:17,21.3469,-158.0858,78.8,61,90,6.91
31,Qaanaaq,GL,2021-01-10 03:47:17,77.484,-69.3632,-1.32,77,0,5.82
32,Mataura,NZ,2021-01-10 03:47:18,-46.1927,168.8643,57.56,84,100,6.76
33,Avarua,CK,2021-01-10 03:47:18,-21.2078,-159.775,84.2,65,75,8.05
34,Hermanus,ZA,2021-01-10 03:47:18,-34.4187,19.2345,62.01,94,100,12.17
35,Pevek,RU,2021-01-10 03:44:07,69.7008,170.3133,-23.4,88,97,4.18
36,Jamestown,US,2021-01-10 03:47:19,42.097,-79.2353,28.99,93,1,5.75
37,Praia Da Vitoria,PT,2021-01-10 03:47:19,38.7333,-27.0667,57.0,87,40,8.86
38,Westport,US,2021-01-10 03:46:10,41.1415,-73.3579,33.8,37,1,12.66
39,Yinchuan,CN,2021-01-10 03:47:19,38.4681,106.2731,19.94,59,99,5.28
40,Namibe,AO,2021-01-10 03:47:20,-15.1961,12.1522,69.17,75,51,2.55
41,Nikolskoye,RU,2021-01-10 03:44:11,59.7035,30.7861,6.01,85,0,2.24
42,Aykhal,RU,2021-01-10 03:47:20,66.0,111.5,-32.33,81,97,6.76
43,Bambous Virieux,MU,2021-01-10 03:47:20,-20.3428,57.7575,81.0,83,75,8.05
44,Kapaa,US,2021-01-10 03:47:20,22.0752,-159.319,75.2,83,90,6.91
45,Lewisporte,CA,2021-01-10 03:47:21,49.2499,-55.0482,32.0,100,90,4.0
46,Severo-Kurilsk,RU,2021-01-10 03:44:36,50.6789,156.125,22.53,86,98,19.08
47,Sal Rei,CV,2021-01-10 03:47:21,16.1833,-22.9167,69.8,60,75,18.41
48,Bathsheba,BB,2021-01-10 03:47:22,13.2167,-59.5167,78.8,78,40,20.71
49,Sioux Lookout,CA,2021-01-10 03:47:22,50.1001,-91.917,21.2,93,90,6.91
50,Nelson,NZ,2021-01-10 03:47:22,-41.2833,173.2833,73.99,65,86,3.0
51,Lakes Entrance,AU,2021-01-10 03:47:22,-37.8811,147.981,86.0,61,0,5.99
52,Vaini,TO,2021-01-10 03:47:23,-21.2,-175.2,84.2,84,75,8.05
53,Yellowknife,CA,2021-01-10 03:43:23,62.456,-114.3525,9.0,85,1,8.05
54,Harper,LR,2021-01-10 03:45:21,4.375,-7.7169,78.1,89,16,8.23
55,Fairbanks,US,2021-01-10 03:45:02,64.8378,-147.7164,10.4,85,75,2.53
56,Prince Rupert,CA,2021-01-10 03:46:17,54.3161,-130.3201,42.8,87,90,14.97
57,Bull Savanna,JM,2021-01-10 03:47:24,17.8868,-77.5902,72.16,85,100,5.68
58,Punta Arenas,CL,2021-01-10 03:47:24,-53.15,-70.9167,42.8,87,90,14.97
59,Marathon,US,2021-01-10 03:43:54,44.9,-89.7668,19.4,93,90,8.05
60,Lasa,IT,2021-01-10 03:47:25,46.6166,10.7002,21.0,72,0,5.75
61,Makat,KZ,2021-01-10 03:47:25,47.6469,53.3463,24.24,92,89,8.55
62,Norman Wells,CA,2021-01-10 03:47:25,65.282,-126.8329,-4.0,84,1,2.3
63,Cape Town,ZA,2021-01-10 03:46:11,-33.9258,18.4232,66.0,72,75,19.57
64,Touros,BR,2021-01-10 03:47:26,-5.1989,-35.4608,78.8,78,40,6.91
65,Khatanga,RU,2021-01-10 03:43:52,71.9667,102.5,-31.05,84,22,6.98
66,Georgetown,MY,2021-01-10 03:44:23,5.4112,100.3354,87.01,58,20,11.5
67,Albany,US,2021-01-10 03:47:26,42.6001,-73.9662,26.01,57,83,8.01
68,Saskylakh,RU,2021-01-10 03:47:26,71.9167,114.0833,-24.07,85,100,9.71
69,Mount Isa,AU,2021-01-10 03:43:02,-20.7333,139.5,93.2,36,39,9.22
70,Half Moon Bay,US,2021-01-10 03:45:22,37.4636,-122.4286,52.0,62,20,4.94
71,Nargana,PA,2021-01-10 03:47:27,9.4428,-78.5906,79.75,83,95,10.51
72,Sitka,US,2021-01-10 03:47:27,57.0531,-135.33,44.6,57,90,21.85
73,Barrow,US,2021-01-10 03:44:20,71.2906,-156.7887,3.2,85,90,6.91
74,Chuy,UY,2021-01-10 03:44:03,-33.6971,-53.4616,66.4,83,56,6.93
75,Gornyy,RU,2021-01-10 03:47:28,55.1153,83.9059,6.42,95,100,17.31
76,Murchison,NZ,2021-01-10 03:47:28,-41.8,172.3333,69.75,43,87,7.02
77,Litein,KE,2021-01-10 03:47:28,-0.5823,35.1903,55.63,97,99,1.79
78,Moerai,PF,2021-01-10 03:47:28,-22.4333,-151.3333,80.73,76,45,12.35
79,Doha,QA,2021-01-10 03:47:29,25.2867,51.5333,60.8,55,0,3.44
80,Thompson,CA,2021-01-10 03:45:10,55.7435,-97.8558,6.8,85,1,5.75
81,Paoua,CF,2021-01-10 03:47:30,7.2427,16.4406,67.05,26,100,3.8
82,Hilo,US,2021-01-10 03:47:30,19.7297,-155.09,78.8,61,90,10.36
83,Quime,BO,2021-01-10 03:47:30,-16.9833,-67.2167,50.88,74,100,2.62
84,Tazovskiy,RU,2021-01-10 03:47:30,67.4667,78.7,-25.67,86,4,9.15
85,Necochea,AR,2021-01-10 03:47:31,-38.5473,-58.7368,66.99,80,29,19.75
86,Abalak,RU,2021-01-10 03:47:31,58.1286,68.5944,-15.61,90,84,5.19
87,Talnakh,RU,2021-01-10 03:43:40,69.4865,88.3972,-22.34,75,0,3.94
88,Oxapampa,PE,2021-01-10 03:47:31,-10.5775,-75.4017,57.58,89,94,2.8
89,Tasiilaq,GL,2021-01-10 03:44:30,65.6145,-37.6368,17.6,53,75,4.61
90,Saint-Philippe,RE,2021-01-10 03:44:36,-21.3585,55.7679,78.8,53,75,3.44
91,Tucumcari,US,2021-01-10 03:46:19,35.1717,-103.725,32.0,93,90,10.36
92,Verkhniye Kigi,RU,2021-01-10 03:47:33,55.4083,58.6044,13.01,93,100,12.5
93,Vokhma,RU,2021-01-10 03:47:33,58.9303,46.7586,7.97,95,100,9.08
94,Bayji,IQ,2021-01-10 03:47:33,34.9311,43.487,48.09,48,36,3.11
95,Celestun,MX,2021-01-10 03:47:34,20.8667,-90.4,66.04,69,32,11.21
96,Victoria,HK,2021-01-10 03:46:31,22.2855,114.1577,57.0,37,96,1.99
97,Bluff,NZ,2021-01-10 03:47:34,-46.6,168.3333,57.07,82,93,27.04
98,North Bend,US,2021-01-10 03:47:35,43.4065,-124.2243,51.01,76,1,8.05
99,Gao,ML,2021-01-10 03:47:35,16.6362,1.637,72.32,19,0,10.92
100,Arraial Do Cabo,BR,2021-01-10 03:47:35,-22.9661,-42.0278,76.55,91,20,15.61
101,Elat,IL,2021-01-10 03:47:35,29.5581,34.9482,59.0,55,0,4.61
102,The Pas,CA,2021-01-10 03:47:36,53.8251,-101.2541,23.0,80,1,8.05
103,Lyuban,BY,2021-01-10 03:47:36,52.7985,28.0048,18.0,97,65,5.35
104,Aswan,EG,2021-01-10 03:47:36,24.0934,32.907,58.51,36,0,8.95
105,Broken Hill,AU,2021-01-10 03:47:36,-31.95,141.4333,89.6,19,0,12.66
106,Biharamulo,TZ,2021-01-10 03:47:36,-2.6319,31.3089,59.92,100,100,2.44
107,Aryanah,TN,2021-01-10 03:47:37,36.8601,10.1934,59.0,82,20,8.05
108,Torbay,CA,2021-01-10 03:47:38,47.6666,-52.7314,30.99,93,1,10.36
109,Lavrentiya,RU,2021-01-10 03:47:38,65.5833,-171.0,-12.42,86,0,5.97
110,Carnarvon,AU,2021-01-10 03:47:38,-24.8667,113.6333,89.6,55,2,21.85
111,Katsuura,JP,2021-01-10 03:44:15,35.1333,140.3,42.8,39,20,3.44
112,Jatiroto,ID,2021-01-10 03:47:24,-7.8833,111.1167,83.44,70,100,7.49
113,Sarkand,KZ,2021-01-10 03:47:40,45.41,79.9186,20.98,70,8,3.33
114,East London,ZA,2021-01-10 03:46:21,-33.0153,27.9116,69.8,83,0,11.5
115,Kodiak,US,2021-01-10 03:45:11,57.79,-152.4072,37.4,87,90,25.32
116,Galle,LK,2021-01-10 03:44:47,6.0367,80.217,77.27,84,100,7.85
117,Dikson,RU,2021-01-10 03:47:41,73.5069,80.5464,-2.74,93,100,18.43
118,Ponta Do Sol,PT,2021-01-10 03:47:41,32.6667,-17.1,53.01,70,65,3.0
119,Zadonsk,RU,2021-01-10 03:47:41,52.3904,38.9261,30.2,86,90,11.18
120,Klaksvik,FO,2021-01-10 03:43:47,62.2266,-6.589,30.2,93,90,10.36
121,Atuona,PF,2021-01-10 03:47:42,-9.8,-139.0333,78.08,79,76,16.84
122,Vao,NC,2021-01-10 03:45:02,-22.6667,167.4833,79.77,86,100,14.76
123,Iqaluit,CA,2021-01-10 03:44:26,63.7506,-68.5145,12.2,79,90,2.3
124,Vostok,RU,2021-01-10 03:44:15,46.4856,135.8833,-8.5,82,100,5.03
125,Leningradskiy,RU,2021-01-10 03:47:43,69.3833,178.4167,-20.38,85,94,5.75
126,Salalah,OM,2021-01-10 03:47:43,17.0151,54.0924,64.4,36,0,9.22
127,Hay River,CA,2021-01-10 03:43:05,60.8156,-115.7999,23.0,74,0,9.22
128,Poitiers,FR,2021-01-10 03:47:44,46.5833,0.3333,30.99,93,20,12.66
129,Kaitangata,NZ,2021-01-10 03:47:44,-46.2817,169.8464,66.0,55,99,13.0
130,Lakatoro,VU,2021-01-10 03:44:46,-16.0999,167.4164,85.5,68,95,3.15
131,Araouane,ML,2021-01-10 03:47:44,18.9048,-3.5265,69.82,22,0,11.99
132,Ancud,CL,2021-01-10 03:47:45,-41.8697,-73.8203,53.01,93,20,11.5
133,Hokitika,NZ,2021-01-10 03:47:45,-42.7167,170.9667,61.72,70,99,11.88
134,San Jeronimo,PE,2021-01-10 03:45:25,-11.9472,-75.2829,48.0,74,42,1.07
135,Yamada,JP,2021-01-10 03:47:46,39.4667,141.95,30.56,83,18,16.67
136,Mehamn,NO,2021-01-10 03:47:46,71.0357,27.8492,15.73,93,27,18.41
137,Castro,BR,2021-01-10 03:47:46,-24.7911,-50.0119,63.07,97,100,6.55
138,Zhashkiv,UA,2021-01-10 03:43:16,49.2454,30.1102,28.96,94,5,9.73
139,Camana,PE,2021-01-10 03:47:12,-16.6228,-72.7111,71.01,76,97,6.02
140,Goure,NE,2021-01-10 03:47:47,13.9835,10.2704,72.0,22,0,4.0
141,Kloulklubed,PW,2021-01-10 03:47:47,7.0419,134.2556,84.2,74,75,11.5
142,Provideniya,RU,2021-01-10 03:47:48,64.3833,-173.3,-6.84,82,0,5.99
143,Petrolina,BR,2021-01-10 03:47:48,-9.3986,-40.5008,84.2,48,40,2.3
144,Jeremie,HT,2021-01-10 03:47:49,18.65,-74.1167,77.25,79,100,10.4
145,Rio Gallegos,AR,2021-01-10 03:47:49,-51.6226,-69.2181,50.0,71,0,19.57
146,Krasnyy Yar,RU,2021-01-10 03:47:49,46.5331,48.3456,37.4,100,90,6.71
147,Hervey Bay,AU,2021-01-10 03:47:49,-25.2986,152.8535,80.01,70,23,8.99
148,Adelaide,AU,2021-01-10 03:45:57,-34.9333,138.6,96.01,27,0,11.5
149,Hualmay,PE,2021-01-10 03:47:50,-11.0964,-77.6139,70.21,85,97,7.83
150,Faya,SA,2021-01-10 03:47:50,18.3851,42.4509,46.4,65,0,1.77
151,Karratha,AU,2021-01-10 03:44:57,-20.7377,116.8463,106.3,16,5,14.09
152,Chadiza,ZM,2021-01-10 03:47:51,-14.0678,32.4392,66.24,97,100,0.63
153,Fortuna,US,2021-01-10 03:47:51,40.5982,-124.1573,52.0,87,90,9.22
154,Zambezi,ZM,2021-01-10 03:47:52,-13.5432,23.1047,65.89,95,100,5.17
155,George,ZA,2021-01-10 03:47:52,-33.963,22.4617,62.6,94,90,11.5
156,Richards Bay,ZA,2021-01-10 03:47:52,-28.783,32.0377,71.24,83,0,6.71
157,Dustlik,UZ,2021-01-10 03:47:52,40.5247,68.0358,29.35,81,0,16.31
158,Shepsi,RU,2021-01-10 03:47:53,44.0361,39.1489,50.94,85,100,5.03
159,Cabedelo,BR,2021-01-10 03:47:53,-6.9811,-34.8339,77.0,83,20,3.44
160,Boralday,KZ,2021-01-10 03:47:54,43.3578,76.8594,3.2,85,20,4.47
161,Hambantota,LK,2021-01-10 03:47:54,6.1241,81.1185,78.8,94,75,2.3
162,Skjervoy,NO,2021-01-10 03:45:06,70.0311,20.9714,21.07,92,1,24.05
163,Saint George,US,2021-01-10 03:47:48,37.1041,-113.5841,44.6,36,1,12.66
164,Iwanai,JP,2021-01-10 03:47:55,42.9744,140.5089,18.73,92,100,15.43
165,Chimbote,PE,2021-01-10 03:47:55,-9.0853,-78.5783,70.54,81,88,5.37
166,Longyearbyen,SJ,2021-01-10 03:47:55,78.2186,15.6401,28.4,74,20,12.66
167,Morondava,MG,2021-01-10 03:44:11,-20.2833,44.2833,81.0,80,42,7.52
168,Sao Filipe,CV,2021-01-10 03:47:55,14.8961,-24.4956,71.01,74,35,16.17
169,Belaya Gora,RU,2021-01-10 03:47:56,68.5333,146.4167,-21.96,87,100,3.36
170,Pirawa,IN,2021-01-10 03:47:56,24.1551,76.0273,69.01,69,0,5.68
171,Souillac,MU,2021-01-10 03:43:48,-20.5167,57.5167,80.6,83,75,8.05
172,Eyrarbakki,IS,2021-01-10 03:47:56,63.863,-21.1481,23.0,93,75,2.3
173,Tiarei,PF,2021-01-10 03:47:57,-17.5333,-149.3333,82.4,74,40,17.27
174,Svetlyy,RU,2021-01-10 03:47:57,54.675,20.1347,28.99,93,75,2.24
175,Garowe,SO,2021-01-10 03:47:57,8.4054,48.4845,63.34,79,0,14.58
176,Salym,RU,2021-01-10 03:47:57,60.0625,71.4789,-19.86,88,93,4.59
177,Qasigiannguit,GL,2021-01-10 03:47:58,68.8193,-51.1922,19.4,49,40,14.97
178,Bataipora,BR,2021-01-10 03:47:58,-22.2953,-53.2711,74.48,84,23,3.11
179,Mandalgarh,IN,2021-01-10 03:47:58,25.2,75.1,63.59,60,0,7.47
180,Port-Cartier,CA,2021-01-10 03:44:15,50.0334,-66.8654,24.8,68,7,8.05
181,Asau,RO,2021-01-10 03:47:59,46.4333,26.4,30.2,100,75,2.3
182,Lazaro Cardenas,MX,2021-01-10 03:47:59,17.9583,-102.2,73.45,81,63,3.38
183,Mayo,US,2021-01-10 03:45:18,38.8876,-76.5119,39.99,60,1,8.05
184,Rincon,US,2021-01-10 03:43:22,32.296,-81.2354,39.2,75,1,4.61
185,San Rafael,AR,2021-01-10 03:48:00,-34.6177,-68.3301,73.65,42,5,4.9
186,Baruun-Urt,MN,2021-01-10 03:48:00,46.6806,113.2792,-2.69,86,77,11.05
187,Lagoa,PT,2021-01-10 03:48:01,39.05,-27.9833,57.49,67,99,11.99
188,Port Elizabeth,ZA,2021-01-10 03:43:56,-33.918,25.5701,68.0,83,0,14.97
189,Kasongo-Lunda,CD,2021-01-10 03:48:01,-6.4667,16.8167,65.84,94,41,0.96
190,Te Anau,NZ,2021-01-10 03:44:37,-45.4167,167.7167,59.81,59,93,8.9
191,Saint-Augustin,CA,2021-01-10 03:48:02,51.226,-58.6502,28.76,94,100,10.98
192,New Norfolk,AU,2021-01-10 03:48:02,-42.7826,147.0587,79.0,37,34,7.0
193,Esperance,AU,2021-01-10 03:48:02,-33.8667,121.9,71.6,68,90,24.16
194,Tual,ID,2021-01-10 03:48:02,-5.6667,132.75,83.88,76,93,10.04
195,Clyde River,CA,2021-01-10 03:44:49,70.4692,-68.5914,5.0,92,90,14.97
196,Lebu,CL,2021-01-10 03:43:54,-37.6167,-73.65,54.09,89,24,7.81
197,Puerto Ayora,EC,2021-01-10 03:48:03,-0.7393,-90.3518,73.99,92,39,4.0
198,Alipur,PK,2021-01-10 03:48:03,29.3846,70.9116,59.95,32,0,3.58
199,Kahului,US,2021-01-10 03:48:04,20.8947,-156.47,75.2,78,75,6.91
200,Kedrovyy,RU,2021-01-10 03:48:04,56.1667,91.8167,8.6,72,75,8.95
201,Kutum,SD,2021-01-10 03:44:24,14.2,24.6667,53.65,39,0,10.02
202,Bodden Town,KY,2021-01-10 03:48:04,19.2833,-81.25,77.0,69,40,10.36
203,Mhango,TZ,2021-01-10 03:48:05,-3.2833,32.85,62.46,95,100,2.66
204,Krasnoselkup,RU,2021-01-10 03:48:05,65.7,82.4667,-15.93,89,88,9.17
205,Upernavik,GL,2021-01-10 03:44:13,72.7868,-56.1549,11.79,83,100,8.05
206,Mindelo,CV,2021-01-10 03:48:05,16.8901,-24.9804,71.6,60,40,24.16
207,Trelew,AR,2021-01-10 03:47:08,-43.249,-65.3051,69.55,25,100,25.9
208,Slave Lake,CA,2021-01-10 03:48:06,55.2834,-114.769,12.2,85,13,3.44
209,Tarnogskiy Gorodok,RU,2021-01-10 03:48:06,60.4997,43.5761,10.92,96,95,5.55
210,Porto Novo,BJ,2021-01-10 03:48:06,6.4965,2.6036,80.6,94,75,5.75
211,Sheopur,IN,2021-01-10 03:48:07,25.6667,76.7,67.64,62,0,7.7
212,Henties Bay,NA,2021-01-10 03:48:07,-22.116,14.2845,68.0,80,100,2.91
213,Hengshui,CN,2021-01-10 03:48:07,37.7322,115.7011,32.63,61,64,7.14
214,Margate,GB,2021-01-10 03:45:54,51.3813,1.3862,35.01,88,0,1.99
215,Witu,KE,2021-01-10 03:48:08,-2.3889,40.4382,77.0,83,20,3.44
216,Bredasdorp,ZA,2021-01-10 03:44:21,-34.5322,20.0403,62.6,77,99,4.61
217,Poum,NC,2021-01-10 03:48:08,-20.2333,164.0167,82.42,84,91,16.44
218,Masvingo,ZW,2021-01-10 03:48:09,-20.0637,30.8277,64.98,90,78,2.98
219,Lata,PT,2021-01-10 03:48:09,40.1629,-8.3327,42.01,76,47,8.01
220,Port Blair,IN,2021-01-10 03:48:10,11.6667,92.75,84.2,74,40,4.61
221,Lompoc,US,2021-01-10 03:44:58,34.6391,-120.4579,55.4,71,1,9.22
222,Beloha,MG,2021-01-10 03:48:10,-25.1667,45.05,80.83,61,0,7.54
223,Mahebourg,MU,2021-01-10 03:48:11,-20.4081,57.7,80.6,83,75,8.05
224,Tuktoyaktuk,CA,2021-01-10 03:48:11,69.4541,-133.0374,-5.8,84,20,9.22
225,Acapulco,MX,2021-01-10 03:45:50,16.8634,-99.8901,78.8,78,20,4.61
226,Airai,TL,2021-01-10 03:48:12,-8.9266,125.4092,74.5,87,95,1.68
227,Hasaki,JP,2021-01-10 03:48:12,35.7333,140.8333,46.0,33,20,10.36
228,Chernenko,RU,2021-01-10 03:48:12,44.365,39.3103,42.03,91,100,3.96
229,Pimenta Bueno,BR,2021-01-10 03:48:12,-11.6725,-61.1936,75.06,82,63,1.97
230,Amahai,ID,2021-01-10 03:43:45,-3.3333,128.9167,85.68,70,98,3.02
231,Abu Samrah,SY,2021-01-10 03:48:13,35.3029,37.1841,46.72,52,8,4.38
232,Kirakira,SB,2021-01-10 03:48:13,-10.4544,161.9205,86.41,68,91,8.16
233,Cuiluan,CN,2021-01-10 03:48:14,47.72,128.648,-2.61,83,24,7.0
234,Bengkulu,ID,2021-01-10 03:48:14,-3.8004,102.2655,85.59,60,100,4.29
235,Los Llanos De Aridane,ES,2021-01-10 03:48:14,28.6585,-17.9182,59.0,58,0,10.36
236,Mangai,CD,2021-01-10 03:48:14,-4.05,19.5333,68.88,94,77,0.25
237,Mar Del Plata,AR,2021-01-10 03:48:15,-38.0023,-57.5575,66.0,77,0,9.22
238,Kjollefjord,NO,2021-01-10 03:48:15,70.9457,27.3465,16.52,93,5,20.4
239,Yako,BF,2021-01-10 03:48:15,12.9667,-2.2667,73.67,21,0,8.79
240,Namatanai,PG,2021-01-10 03:48:15,-3.6667,152.4333,86.29,65,93,6.76
241,Coquimbo,CL,2021-01-10 03:48:04,-29.9533,-71.3436,57.2,82,0,3.44
242,Brae,GB,2021-01-10 03:48:16,60.3964,-1.353,35.6,87,75,18.41
243,Kabelvag,NO,2021-01-10 03:48:16,68.2114,14.4817,25.65,93,97,11.27
244,Saint-Pierre,RE,2021-01-10 03:48:16,-21.3393,55.4781,78.8,53,75,3.44
245,Terrak,NO,2021-01-10 03:48:16,65.087,12.3715,33.8,69,40,19.57
246,Halifax,CA,2021-01-10 03:45:59,44.6453,-63.5724,32.0,80,100,9.22
247,Coihaique,CL,2021-01-10 03:48:17,-45.5752,-72.0662,42.8,87,97,3.44
248,Derzhavinsk,KZ,2021-01-10 03:48:17,51.1,66.3167,8.69,92,100,14.09
249,Raga,SS,2021-01-10 03:48:17,8.4596,25.678,60.37,30,35,5.1
250,Moron,AR,2021-01-10 03:48:17,-34.6534,-58.6198,77.0,77,0,4.0
251,Balsas,BR,2021-01-10 03:48:18,-7.5325,-46.0356,74.34,89,78,2.8
252,Gizo,SB,2021-01-10 03:48:18,-8.103,156.8419,85.93,70,75,7.56
253,Luderitz,NA,2021-01-10 03:48:18,-26.6481,15.1594,67.12,59,23,19.17
254,Victor Harbor,AU,2021-01-10 03:48:18,-35.5667,138.6167,100.0,27,0,11.5
255,Chiredzi,ZW,2021-01-10 03:48:19,-21.05,31.6667,69.57,91,98,4.32
256,Virginia Beach,US,2021-01-10 03:47:25,36.8529,-75.978,39.99,52,1,9.22
257,Verkhoyansk,RU,2021-01-10 03:45:34,67.5447,133.385,-20.79,85,100,2.95
258,Tucuman,AR,2021-01-10 03:48:19,-26.8241,-65.2226,75.2,83,40,2.3
259,Porto Belo,BR,2021-01-10 03:48:20,-27.1578,-48.5531,80.6,78,40,10.36
260,Whitehorse,CA,2021-01-10 03:48:20,60.7161,-135.0538,24.8,74,90,16.11
261,Ixtapa,MX,2021-01-10 03:45:29,20.7,-105.2,71.6,88,90,4.61
262,Raychikhinsk,RU,2021-01-10 03:48:21,49.7838,129.4121,-10.55,88,79,5.75
263,Olafsvik,IS,2021-01-10 03:45:03,64.8945,-23.7142,25.27,85,58,4.9
264,Sao Joao Da Barra,BR,2021-01-10 03:43:40,-21.6403,-41.0511,76.86,87,99,15.41
265,Albertville,US,2021-01-10 03:48:22,34.2676,-86.2089,33.01,69,90,5.75
266,Russell,US,2021-01-10 03:45:01,32.3502,-85.1999,37.4,70,90,11.5
267,Thinadhoo,MV,2021-01-10 03:48:23,0.5333,72.9333,81.59,72,100,9.86
268,Abbeville,FR,2021-01-10 03:48:24,50.1,1.8333,28.0,100,0,3.44
269,Taunggyi,MM,2021-01-10 03:48:24,20.7833,97.0333,71.46,58,39,6.67
270,Sault Sainte Marie,CA,2021-01-10 03:47:01,46.5168,-84.3333,32.0,86,90,2.28
271,Kualakapuas,ID,2021-01-10 03:48:25,-3.0091,114.3876,82.4,78,40,3.44
272,Fernley,US,2021-01-10 03:48:25,39.608,-119.2518,30.99,56,51,2.91
273,Kibungo,RW,2021-01-10 03:48:25,-2.1597,30.5427,62.01,93,100,1.72
274,Biloela,AU,2021-01-10 03:48:25,-24.4167,150.5,79.25,59,95,15.01
275,Yuncheng,CN,2021-01-10 03:48:26,35.0231,110.9928,32.74,58,100,12.41
276,Dingle,PH,2021-01-10 03:48:26,10.9995,122.6711,76.12,89,100,14.16
277,Fukue,JP,2021-01-10 03:48:26,32.6881,128.8419,39.2,60,75,6.91
278,Porto Velho,BR,2021-01-10 03:48:26,-8.7619,-63.9039,75.2,94,20,4.61
279,Sigli,ID,2021-01-10 03:48:27,5.3848,95.9609,82.99,70,17,7.56
280,Izumo,JP,2021-01-10 03:44:26,35.3667,132.7667,33.8,86,75,18.41
281,Comodoro Rivadavia,AR,2021-01-10 03:48:27,-45.8667,-67.5,62.6,42,0,20.71
282,Sint-Pieters-Leeuw,BE,2021-01-10 03:48:27,50.7896,4.2475,30.99,96,7,2.04
283,Vestmannaeyjar,IS,2021-01-10 03:48:27,63.4427,-20.2734,28.81,89,15,3.8
284,Owando,CG,2021-01-10 03:45:16,-0.4819,15.8999,70.59,86,21,2.53
285,Santa Cruz,BO,2021-01-10 03:48:28,-17.8,-63.1667,78.8,78,40,6.91
286,Kawhia,NZ,2021-01-10 03:48:28,-38.0651,174.8183,73.99,59,30,5.01
287,Veraval,IN,2021-01-10 03:48:28,20.9,70.3667,74.32,56,13,10.98
288,Aketi,CD,2021-01-10 03:48:29,2.7388,23.7833,69.1,80,93,0.92
289,Behbahan,IR,2021-01-10 03:48:29,30.5959,50.2417,32.0,74,0,1.23
290,Kabalo,CD,2021-01-10 03:48:29,-6.05,26.9167,66.38,97,100,1.63
291,Labuhan,ID,2021-01-10 03:48:29,-6.8844,112.2051,83.98,76,100,3.6
292,Maceio,BR,2021-01-10 03:48:25,-9.6658,-35.7353,75.2,88,0,3.44
293,Caxito,AO,2021-01-10 03:48:30,-8.5785,13.6643,73.4,94,40,3.44
294,Lethem,GY,2021-01-10 03:48:30,3.3803,-59.7968,75.81,84,97,8.68
295,Cockburn Town,TC,2021-01-10 03:47:27,21.4612,-71.1419,77.81,77,100,8.95
296,Lefka,CY,2021-01-10 03:48:31,35.1106,32.8506,53.6,71,0,8.05
297,Koson,UZ,2021-01-10 03:48:31,39.0375,65.585,19.4,79,0,6.91
298,Korla,CN,2021-01-10 03:48:31,41.7597,86.1469,18.55,81,0,2.98
299,Kitob,UZ,2021-01-10 03:48:31,39.0843,66.8332,21.2,68,0,4.61
300,Henderson,US,2021-01-10 03:48:32,36.0397,-114.9819,51.8,35,1,14.97
301,Pagudpud,PH,2021-01-10 03:44:17,18.5616,120.7868,82.4,47,20,8.05
302,San Patricio,US,2021-01-10 03:48:32,28.017,-97.5169,55.4,76,90,14.97
303,Abomsa,ET,2021-01-10 03:48:32,9.9833,39.9833,58.46,70,0,2.59
304,Port Hardy,CA,2021-01-10 03:45:09,50.6996,-127.4199,42.8,93,90,34.52
305,Vallenar,CL,2021-01-10 03:44:05,-28.5708,-70.7581,61.09,60,0,0.94
306,Seymchan,RU,2021-01-10 03:45:32,62.8833,152.4333,-23.91,84,95,0.09
307,Mamou,GN,2021-01-10 03:48:33,10.5,-12.0,65.28,70,0,2.66
308,Borgo San Lorenzo,IT,2021-01-10 03:48:33,43.9553,11.3835,42.8,56,90,8.05
309,Talbahat,IN,2021-01-10 03:48:34,25.05,78.4333,69.04,68,0,4.94
310,Waipawa,NZ,2021-01-10 03:45:59,-41.4122,175.5153,69.01,73,78,25.32
311,Temecula,US,2021-01-10 03:45:52,33.4936,-117.1484,62.6,19,1,3.44
312,Sambava,MG,2021-01-10 03:48:34,-14.2667,50.1667,77.95,78,0,5.23
313,Nome,US,2021-01-10 03:48:35,64.5011,-165.4064,-9.4,70,1,8.05
314,Saint-Joseph,RE,2021-01-10 03:48:35,-21.3667,55.6167,78.8,53,75,3.44
315,Kavaratti,IN,2021-01-10 03:48:35,10.5669,72.642,82.69,74,53,9.46
316,Temir,KZ,2021-01-10 03:48:36,49.1414,57.13,21.81,94,100,12.75
317,Tombouctou,ML,2021-01-10 03:48:36,20.0,-3.0,67.42,36,0,12.19
318,Bubaque,GW,2021-01-10 03:48:36,11.2833,-15.8333,79.86,57,30,15.86
319,South Valley,US,2021-01-10 03:48:36,35.0101,-106.6781,34.0,75,90,5.75
320,Bilma,NE,2021-01-10 03:48:36,18.6853,12.9164,66.92,25,0,8.1
321,Plouzane,FR,2021-01-10 03:45:11,48.3833,-4.6167,35.6,86,0,5.75
322,Gazanjyk,TM,2021-01-10 03:48:37,39.2446,55.5154,36.37,71,88,5.55
323,Husavik,IS,2021-01-10 03:48:37,66.0449,-17.3389,19.4,63,20,4.61
324,Lorengau,PG,2021-01-10 03:48:37,-2.0226,147.2712,86.09,60,100,5.93
325,Lincoln,US,2021-01-10 03:44:23,40.8,-96.667,27.0,86,75,3.44
326,Anadyr,RU,2021-01-10 03:48:38,64.75,177.4833,-31.0,75,31,8.95
327,Hamilton,US,2021-01-10 03:48:38,39.1834,-84.5333,27.0,86,1,0.49
328,Marsh Harbour,BS,2021-01-10 03:48:38,26.5412,-77.0636,64.54,65,40,12.46
329,Ray,IN,2021-01-10 03:43:39,23.6833,85.05,69.8,64,20,4.72
330,Macusani,PE,2021-01-10 03:48:40,-14.0833,-70.4333,35.56,87,100,1.5
331,Celendin,PE,2021-01-10 03:48:40,-6.8703,-78.1517,54.19,84,100,2.1
332,Vardo,NO,2021-01-10 03:44:31,70.3705,31.1107,21.04,94,100,17.09
333,Jalu,LY,2021-01-10 03:48:41,29.0331,21.5482,61.38,43,0,7.47
334,Jawhar,SO,2021-01-10 03:48:41,2.7809,45.5005,71.29,63,0,11.81
335,Hirado,JP,2021-01-10 03:48:41,33.3597,129.5531,42.01,60,75,3.44
336,Nagyrabe,HU,2021-01-10 03:48:41,47.2,21.3333,27.0,100,90,3.44
337,Burnie,AU,2021-01-10 03:48:42,-41.0667,145.9167,71.01,65,41,10.0
338,Arlit,NE,2021-01-10 03:48:42,18.7369,7.3853,65.95,25,0,2.77
339,Cairns,AU,2021-01-10 03:44:41,-16.9167,145.7667,82.99,100,75,2.3
340,Nenjiang,CN,2021-01-10 03:47:06,49.1833,125.2167,1.08,86,76,4.09
341,Preobrazheniye,RU,2021-01-10 03:48:43,42.9019,133.9064,9.52,73,0,6.89
342,Bilibino,RU,2021-01-10 03:48:43,68.0546,166.4372,-27.13,82,42,0.49
343,Urazovo,RU,2021-01-10 03:48:43,50.0836,38.0395,28.92,96,64,12.44
344,High Level,CA,2021-01-10 03:48:43,58.5169,-117.136,17.6,93,1,5.75
345,Houma,US,2021-01-10 03:48:44,29.5958,-90.7195,39.99,87,1,6.82
346,Eenhana,NA,2021-01-10 03:48:44,-17.4667,16.3333,71.6,78,96,3.44
347,Oriximina,BR,2021-01-10 03:48:44,-1.7656,-55.8661,73.56,94,65,5.06
348,Tuatapere,NZ,2021-01-10 03:48:44,-46.1333,167.6833,60.93,64,94,14.23
349,Goianapolis,BR,2021-01-10 03:48:45,-16.5106,-49.0239,69.8,94,0,8.05
350,Birao,CF,2021-01-10 03:44:52,10.2849,22.7882,63.01,28,98,7.81
351,Abu Dhabi,AE,2021-01-10 03:45:39,24.4667,54.3667,55.4,47,0,4.61
352,Roald,NO,2021-01-10 03:48:45,62.5833,6.1333,33.8,80,75,20.71
353,Christchurch,NZ,2021-01-10 03:48:45,-43.5333,172.6333,68.0,72,60,12.66
354,Ust-Kan,RU,2021-01-10 03:48:46,50.9276,84.761,7.11,84,100,8.61
355,Kambove,CD,2021-01-10 03:45:07,-10.8764,26.5969,61.34,98,100,2.68
356,Esso,RU,2021-01-10 03:48:46,55.9333,158.7,9.61,90,100,0.81
357,Tabou,CI,2021-01-10 03:48:46,4.423,-7.3528,77.61,88,1,7.67
358,Sur,OM,2021-01-10 03:44:52,22.5667,59.5289,66.43,38,0,12.88
359,Muisne,EC,2021-01-10 03:48:47,0.6,-80.0333,76.21,85,92,3.56
360,Scharnstein,AT,2021-01-10 03:48:47,47.9044,13.9601,27.0,95,97,1.61
361,Nanortalik,GL,2021-01-10 03:48:47,60.1432,-45.2371,31.17,91,100,5.41
362,Abha,SA,2021-01-10 03:44:34,18.2164,42.5053,46.4,65,0,1.79
363,Hofn,IS,2021-01-10 03:48:48,64.2539,-15.2082,25.63,82,0,10.25
364,Cherskiy,RU,2021-01-10 03:48:48,68.75,161.3,-28.52,84,87,3.62
365,Aranos,NA,2021-01-10 03:48:48,-24.1333,19.1167,73.0,68,100,7.07
366,Riverbank,US,2021-01-10 03:48:48,37.736,-120.9355,44.6,76,1,2.8
367,Constitucion,CL,2021-01-10 03:45:25,-35.3333,-72.4167,51.53,81,44,7.09
368,Chuzhou,CN,2021-01-10 03:45:09,32.3219,118.2978,43.0,25,91,3.0
369,Sangar,RU,2021-01-10 03:48:49,63.9242,127.4739,-35.77,82,100,1.28
370,Rawson,AR,2021-01-10 03:48:49,-43.3002,-65.1023,68.81,30,100,22.84
371,Malihabad,IN,2021-01-10 03:48:49,26.9167,80.7167,60.8,88,20,6.91
372,Chimore,BO,2021-01-10 03:48:50,-16.9833,-65.1333,72.45,94,100,1.54
373,Vung Tau,VN,2021-01-10 03:48:50,10.346,107.0843,78.22,66,14,4.43
374,La Ronge,CA,2021-01-10 03:48:50,55.1001,-105.2842,17.6,86,90,4.61
375,Assiniboia,CA,2021-01-10 03:48:50,49.6334,-105.9845,12.2,85,0,5.75
376,Sarahan,IN,2021-01-10 03:48:51,31.5167,77.8,43.9,41,0,7.31
377,San Pedro De Macoris,DO,2021-01-10 03:48:51,18.4616,-69.2972,77.0,94,75,4.61
378,Siddipet,IN,2021-01-10 03:48:51,18.1,78.85,75.67,50,7,5.97
379,Kalemie,CD,2021-01-10 03:48:52,-5.9475,29.1947,67.21,85,98,4.88
380,Tiksi,RU,2021-01-10 03:48:52,71.6872,128.8694,-21.78,87,100,4.43
381,Kandrian,PG,2021-01-10 03:48:52,-6.2167,149.55,87.96,68,81,3.87
382,Turukhansk,RU,2021-01-10 03:48:52,65.8167,87.9833,-13.14,87,93,5.46
383,Laguna,US,2021-01-10 03:48:53,38.421,-121.4238,46.4,76,1,4.61
384,Fuling,CN,2021-01-10 03:48:53,29.7022,107.3919,45.7,61,92,2.73
385,Aden,YE,2021-01-10 03:43:57,12.7794,45.0367,74.91,72,35,19.73
386,Naze,JP,2021-01-10 03:48:54,28.3667,129.4833,55.4,67,40,11.5
387,Gweru,ZW,2021-01-10 03:48:54,-19.45,29.8167,62.37,98,97,4.41
388,Lima,PE,2021-01-10 03:45:00,-12.0432,-77.0282,71.6,83,20,13.8
389,Padang,ID,2021-01-10 03:48:55,-0.9492,100.3543,82.4,69,40,7.4
390,Honiara,SB,2021-01-10 03:48:55,-9.4333,159.95,86.32,68,83,6.69
391,Lusaka,ZM,2021-01-10 03:48:55,-15.4067,28.2871,64.65,96,100,2.08
392,Marzuq,YE,2021-01-10 03:48:55,14.4,46.4667,50.49,47,11,2.71
393,Jiwani,PK,2021-01-10 03:48:55,25.05,61.7417,57.49,34,0,15.79
394,Ndele,CF,2021-01-10 03:48:56,8.4109,20.6473,67.77,25,89,5.75
395,Codrington,AU,2021-01-10 03:48:29,-38.2667,141.9667,75.51,58,97,11.41
396,Vila Franca Do Campo,PT,2021-01-10 03:45:25,37.7167,-25.4333,51.8,62,75,4.61
397,Solnechnyy,RU,2021-01-10 03:48:56,50.7214,136.6319,-7.46,81,2,4.18
398,Vysokogornyy,RU,2021-01-10 03:48:56,50.1167,139.15,-16.53,83,95,4.68
399,Warrington,GB,2021-01-10 03:48:57,53.3925,-2.5802,35.6,93,90,5.75
400,Skibbereen,IE,2021-01-10 03:48:57,51.55,-9.2667,33.8,75,40,5.75
401,Grindavik,IS,2021-01-10 03:45:30,63.8424,-22.4338,23.0,74,75,9.22
402,Kanakapura,IN,2021-01-10 03:48:57,12.55,77.4167,75.99,88,40,3.44
403,San Andres,CO,2021-01-10 03:45:50,12.5847,-81.7006,80.6,78,40,14.97
404,San Carlos De Bariloche,AR,2021-01-10 03:48:58,-41.1456,-71.3082,50.0,66,75,27.63
405,Kiunga,PG,2021-01-10 03:48:58,-6.1219,141.2906,80.28,88,100,2.26
406,Aripuana,BR,2021-01-10 03:48:58,-9.1667,-60.6333,74.61,91,68,1.41
407,Upington,ZA,2021-01-10 03:48:59,-28.4478,21.2561,73.4,43,0,8.05
408,Pisco,PE,2021-01-10 03:48:59,-13.7,-76.2167,68.0,88,0,8.05
409,San Luis,AR,2021-01-10 03:48:59,-33.295,-66.3356,71.37,55,3,6.8
410,Grass Valley,US,2021-01-10 03:48:59,39.2191,-121.0611,41.0,70,1,3.02
411,Nuuk,GL,2021-01-10 03:48:59,64.1835,-51.7216,26.6,80,90,8.05
412,Show Low,US,2021-01-10 03:44:21,34.2542,-110.0298,28.99,59,1,6.91
413,Kaihua,CN,2021-01-10 03:49:00,23.3687,104.28,42.01,65,100,7.56
414,Zhigansk,RU,2021-01-10 03:44:07,66.7697,123.3711,-28.3,85,100,5.17
415,Fort Nelson,CA,2021-01-10 03:44:45,58.8053,-122.7002,3.2,85,40,2.3
416,Yar-Sale,RU,2021-01-10 03:49:00,66.8333,70.8333,-19.28,88,95,10.45
417,Chama,CH,2021-01-10 03:49:01,47.1821,8.4636,30.2,74,90,4.61
418,Mpanda,TZ,2021-01-10 03:49:01,-6.3655,31.0409,64.4,91,100,2.24
419,Guerrero Negro,MX,2021-01-10 03:49:01,27.9769,-114.0611,58.93,81,0,10.96
420,Alofi,NU,2021-01-10 03:49:02,-19.0595,-169.9187,84.2,70,22,10.36
421,Aklavik,CA,2021-01-10 03:44:08,68.2191,-135.0107,1.4,85,94,1.14
422,Catacocha,EC,2021-01-10 03:49:02,-4.0667,-79.6333,55.62,100,98,3.02
423,Guiren,CN,2021-01-10 03:49:02,33.6697,118.1889,37.13,56,28,5.73
424,Lenggries,DE,2021-01-10 03:49:02,47.6833,11.5667,19.99,92,26,1.34
425,Qingdao,CN,2021-01-10 03:49:03,36.0986,120.3719,33.01,34,0,11.18
426,Mount Gambier,AU,2021-01-10 03:49:03,-37.8333,140.7667,95.0,21,89,6.91
427,Colac,AU,2021-01-10 03:49:03,-38.3333,143.5833,89.01,58,62,2.15
428,Caloundra,AU,2021-01-10 03:49:03,-26.8,153.1333,78.01,78,95,7.0
429,Popondetta,PG,2021-01-10 03:49:03,-8.7537,148.2534,91.8,52,92,3.78
430,Kpandae,GH,2021-01-10 03:49:04,8.4689,-0.0113,80.38,66,0,2.71
431,Caravelas,BR,2021-01-10 03:49:04,-17.7125,-39.2481,76.75,85,3,7.96
432,Chern,RU,2021-01-10 03:49:04,53.4523,36.9145,17.13,97,99,9.86
433,Enshi,CN,2021-01-10 03:49:04,30.3,109.4833,45.99,56,84,0.2
434,Ribeira Brava,PT,2021-01-10 03:49:04,32.65,-17.0667,53.01,89,60,1.99
435,Chapais,CA,2021-01-10 03:45:03,49.7834,-74.8492,15.8,92,90,2.3
436,Hanahan,US,2021-01-10 03:49:05,32.9185,-80.022,44.01,81,1,6.91
437,Okha,RU,2021-01-10 03:49:05,53.5739,142.9478,-12.44,88,80,12.8
438,Tura,IN,2021-01-10 03:49:05,25.5198,90.2201,73.8,41,27,2.91
439,Elmina,GH,2021-01-10 03:49:06,5.0898,-1.348,77.86,89,19,8.3
440,Shagonar,RU,2021-01-10 03:49:06,51.5333,92.8,-18.49,82,100,2.55
441,Rosetta,EG,2021-01-10 03:45:10,31.4044,30.4164,63.48,76,0,5.64
442,Liverpool,GB,2021-01-10 03:49:06,53.4106,-2.9779,37.99,93,90,5.75
443,Jumla,NP,2021-01-10 03:49:07,29.2747,82.1838,52.5,30,70,1.81
444,San Isidro,PE,2021-01-10 03:49:07,-12.1167,-77.05,71.6,83,20,13.8
445,Socorro,US,2021-01-10 03:45:38,31.6546,-106.3033,42.8,52,75,11.5
446,Uvalde,US,2021-01-10 03:49:07,29.3669,-99.767,48.99,61,90,11.5
447,Geraldton,AU,2021-01-10 03:49:07,-28.7667,114.6,80.6,57,75,20.71
448,Dukat,RU,2021-01-10 03:49:08,62.55,155.55,-21.66,84,83,4.07
449,Nyurba,RU,2021-01-10 03:49:08,63.2842,118.3319,-22.92,86,98,5.44
450,Saint-Francois,FR,2021-01-10 03:49:08,46.4154,3.9054,30.2,74,0,11.5
451,Vorukh,TJ,2021-01-10 03:49:08,39.8494,70.5838,28.74,55,0,4.92
452,Saint Anthony,US,2021-01-10 03:49:09,45.0205,-93.218,19.4,93,90,3.44
453,Wageningen,NL,2021-01-10 03:49:09,51.9667,5.6667,33.01,93,36,2.3
454,Palu,ID,2021-01-10 03:49:09,-0.8917,119.8707,89.92,55,31,4.03
455,Anito,PH,2021-01-10 03:49:09,12.4497,125.2886,77.16,91,100,21.12
456,Saint-Georges,GD,2021-01-10 03:49:09,12.0564,-61.7485,80.6,78,20,20.71
457,Gimli,CA,2021-01-10 03:49:10,50.6336,-96.9907,14.0,85,0,3.44
458,Santa Isabel Do Rio Negro,BR,2021-01-10 03:49:10,-0.4139,-65.0192,71.26,98,99,1.23
459,Marang,MY,2021-01-10 03:49:11,5.2056,103.2059,80.6,78,40,9.22
460,Maragogi,BR,2021-01-10 03:44:37,-9.0122,-35.2225,77.11,81,79,8.66
461,At-Bashi,KG,2021-01-10 03:49:11,41.1702,75.8106,0.55,48,0,0.43
462,Yichun,CN,2021-01-10 03:49:12,47.7,128.9,-4.47,83,48,5.26
463,Oktyabrskoye,RU,2021-01-10 03:49:12,43.0645,44.7417,28.4,93,81,8.95
464,Narsaq,GL,2021-01-10 03:44:19,60.9167,-46.05,42.8,39,75,25.32
465,Mahibadhoo,MV,2021-01-10 03:49:13,3.7833,72.9667,81.57,72,100,6.71
466,Lagunas,PE,2021-01-10 03:49:13,-5.2269,-75.6753,73.11,96,90,1.45
467,Eufaula,US,2021-01-10 03:49:13,31.8913,-85.1455,37.99,70,90,4.61
468,Alice Springs,AU,2021-01-10 03:49:13,-23.7,133.8833,91.4,21,40,12.66
469,Skovorodino,RU,2021-01-10 03:49:14,53.9833,123.9167,-1.46,78,79,8.61
470,The Valley,AI,2021-01-10 03:49:14,18.217,-63.0578,77.0,82,93,8.99
471,Shache,CN,2021-01-10 03:44:52,38.4167,77.2406,17.6,80,0,7.9
472,Vanimo,PG,2021-01-10 03:44:22,-2.6741,141.3028,85.19,69,100,4.41
473,Rensvik,NO,2021-01-10 03:49:14,63.1,7.8167,32.0,86,90,11.5
474,Bria,CF,2021-01-10 03:49:15,6.5423,21.9863,63.57,38,84,2.77
475,Farmington,US,2021-01-10 03:49:15,36.7281,-108.2187,30.2,47,1,5.75
476,Ramat Yishay,IL,2021-01-10 03:49:15,32.7006,35.1797,57.99,46,0,1.01
477,Grand Gaube,MU,2021-01-10 03:49:15,-20.0064,57.6608,81.0,80,2,7.0
478,Dunedin,NZ,2021-01-10 03:49:16,-45.8742,170.5036,64.22,60,98,9.28
479,Akdagmadeni,TR,2021-01-10 03:49:02,39.6603,35.8836,41.41,68,100,5.64
480,Ocean City,US,2021-01-10 03:46:56,39.2776,-74.5746,37.99,48,90,11.5
481,Berlevag,NO,2021-01-10 03:49:16,70.8578,29.0864,15.91,93,34,18.68
482,Praya,CV,2021-01-10 03:45:02,14.9215,-23.5087,69.8,78,40,23.02
483,Palatka,US,2021-01-10 03:49:17,29.6486,-81.6376,42.01,74,0,3.8
484,Olinda,BR,2021-01-10 03:49:17,-8.0089,-34.8553,78.8,69,20,4.61
485,Mao,ES,2021-01-10 03:49:18,39.8885,4.2658,50.0,76,0,10.36
486,Kawalu,ID,2021-01-10 03:45:24,-7.3817,108.2082,78.44,83,100,2.06
487,Marienburg,PL,2021-01-10 03:49:18,54.0359,19.0266,32.0,100,98,5.23
488,Mandalgovi,MN,2021-01-10 03:49:18,45.7625,106.2708,2.64,81,100,9.98
489,Plyussa,RU,2021-01-10 03:49:18,58.4308,29.3654,5.11,94,81,2.39
490,Scarborough,GB,2021-01-10 03:49:19,54.2797,-0.4044,37.0,90,100,3.0
491,Lubu,CN,2021-01-10 03:49:19,23.1742,112.2809,51.01,46,100,3.58
492,Antofagasta,CL,2021-01-10 03:45:20,-23.65,-70.4,64.4,82,75,12.66
493,Wattegama,LK,2021-01-10 03:49:19,6.7989,81.4808,78.8,94,75,2.3
494,Pangnirtung,CA,2021-01-10 03:49:20,66.1451,-65.7125,7.38,86,100,0.51
495,Scharding,AT,2021-01-10 03:49:21,48.4529,13.4372,21.99,99,35,1.01
496,Beira,MZ,2021-01-10 03:49:21,-19.8436,34.8389,78.8,94,75,2.3
497,Nelson Bay,AU,2021-01-10 03:49:22,-32.7167,152.15,79.0,65,18,14.97
498,Miragoane,HT,2021-01-10 03:49:22,18.4423,-73.0876,77.77,74,76,4.99
499,Sola,VU,2021-01-10 03:49:22,-13.8833,167.55,86.0,84,75,0.63
500,Havoysund,NO,2021-01-10 03:49:23,70.9963,24.6622,21.2,68,9,21.85
501,Puerto Madryn,AR,2021-01-10 03:49:23,-42.7692,-65.0385,69.04,29,69,26.98
502,Asmara,ER,2021-01-10 03:49:24,15.3333,38.9333,48.27,93,3,1.83
503,Isangel,VU,2021-01-10 03:49:24,-19.55,169.2667,87.8,74,75,5.75
504,Eureka,US,2021-01-10 03:46:13,40.8021,-124.1637,48.99,87,62,1.01
505,Zagreb,HR,2021-01-10 03:49:25,45.8131,15.9775,34.0,86,0,5.44
506,Bonavista,CA,2021-01-10 03:49:25,48.6499,-53.1147,33.01,100,94,4.61
507,Ibra,OM,2021-01-10 03:48:00,22.6906,58.5334,53.85,40,0,6.89
508,Moba,CN,2021-01-10 03:49:25,33.2288,105.0179,24.69,58,80,7.9
509,Winston-Salem,US,2021-01-10 03:49:25,36.0999,-80.2442,33.8,60,1,9.22
510,Sompeta,IN,2021-01-10 03:49:26,18.9333,84.6,80.13,46,44,3.29
511,Muli,MV,2021-01-10 03:49:26,2.9167,73.5667,81.7,75,98,8.12
512,Bonthe,SL,2021-01-10 03:49:26,7.5264,-12.505,78.42,87,3,5.82
513,Ayan,RU,2021-01-10 03:49:27,56.45,138.1667,-6.0,75,100,6.4
514,Madrid,ES,2021-01-10 03:47:32,40.4165,-3.7026,32.0,100,0,4.88
515,Port Hedland,AU,2021-01-10 03:49:27,-20.3167,118.5667,102.2,35,3,10.36
516,Cap Malheureux,MU,2021-01-10 03:49:27,-19.9842,57.6142,81.0,80,0,7.0
517,Bandarbeyla,SO,2021-01-10 03:45:41,9.4942,50.8122,72.91,70,96,23.0
518,Ozernovskiy,RU,2021-01-10 03:49:28,51.5,156.5167,22.98,86,100,20.69
519,Jutai,BR,2021-01-10 03:49:28,-5.1833,-68.9,72.7,95,100,1.63
520,Srednekolymsk,RU,2021-01-10 03:45:59,67.45,153.6833,-30.23,84,91,5.26
521,Sakakah,SA,2021-01-10 03:44:36,29.9697,40.2064,51.8,58,75,4.61
522,Sidi Ali,DZ,2021-01-10 03:49:29,36.0998,0.4206,46.98,72,48,7.99
523,Tutoia,BR,2021-01-10 03:49:29,-2.7619,-42.2744,80.38,77,78,13.29
524,Banda Aceh,ID,2021-01-10 03:49:29,5.5577,95.3222,83.7,71,67,11.25
525,Saint-Gaudens,FR,2021-01-10 03:49:29,43.0833,0.6667,32.0,100,90,2.3
526,Haveli,PK,2021-01-10 03:49:30,30.4502,73.6989,55.51,46,0,4.23
527,Buraydah,SA,2021-01-10 03:49:30,26.326,43.975,50.0,100,20,2.3
528,Haines Junction,CA,2021-01-10 03:49:30,60.7522,-137.5108,19.4,93,100,1.14
529,Sorland,NO,2021-01-10 03:49:32,67.667,12.6934,33.96,90,100,32.97
530,Raudeberg,NO,2021-01-10 03:49:32,61.9875,5.1352,34.0,89,100,20.27
531,Russkaya Polyana,UA,2021-01-10 03:49:33,49.417,31.9201,29.8,93,0,10.18
532,Cascais,PT,2021-01-10 03:45:05,38.6979,-9.4215,43.0,75,0,8.05
533,Jakar,BT,2021-01-10 03:49:33,27.5492,90.7525,50.36,48,73,3.2
534,Sovetskiy,RU,2021-01-10 03:49:34,61.3614,63.5842,-15.81,89,91,4.85
535,Lamar,US,2021-01-10 03:49:34,33.6668,-95.5836,35.6,69,1,6.91
536,Wanning,CN,2021-01-10 03:49:35,18.8003,110.3967,60.96,78,100,11.68
537,Portland,US,2021-01-10 03:48:19,45.5234,-122.6762,44.6,65,90,16.11
538,Manavalakurichi,IN,2021-01-10 03:49:36,8.1333,77.3,86.0,89,75,6.33
539,Ulaangom,MN,2021-01-10 03:45:28,49.9811,92.0667,-27.6,82,73,0.89
540,Maningrida,AU,2021-01-10 03:49:37,-12.0667,134.2667,90.3,60,94,5.3
541,Santa Isabel,BR,2021-01-10 03:49:37,-23.3156,-46.2214,71.6,94,90,2.3
542,Prado,BR,2021-01-10 03:45:53,-17.3411,-39.2208,77.56,86,27,10.27
543,Belle Fourche,US,2021-01-10 03:49:37,44.6714,-103.8522,28.99,100,90,3.44
544,Miri,MY,2021-01-10 03:49:38,4.4148,114.0089,87.8,74,40,5.75
545,Alvaraes,BR,2021-01-10 03:49:38,-3.2208,-64.8042,72.05,97,100,0.27
546,Saldanha,ZA,2021-01-10 03:49:38,-33.0117,17.9442,62.6,88,26,9.22
547,Khash,IR,2021-01-10 03:49:39,28.2211,61.2158,34.99,47,0,5.14
548,Fountain Hills,US,2021-01-10 03:45:53,33.6117,-111.7174,60.8,24,1,11.27
549,Ilhabela,BR,2021-01-10 03:49:39,-23.7781,-45.3581,76.44,87,99,1.43
550,Havelock,US,2021-01-10 03:49:40,34.8791,-76.9013,37.0,93,1,5.91
551,Bay-Khaak,RU,2021-01-10 03:49:40,51.1667,94.5,-16.22,83,81,1.41
552,Quatre Cocos,MU,2021-01-10 03:45:05,-20.2078,57.7625,81.0,83,75,8.05
553,Bogo,PH,2021-01-10 03:46:00,11.0517,124.0055,78.04,87,100,20.24
554,Cochrane,CA,2021-01-10 03:49:41,51.1834,-114.4687,16.0,79,1,4.61
555,Sao Felix Do Xingu,BR,2021-01-10 03:45:21,-6.6447,-51.995,72.16,95,32,2.1
556,Shiyan,CN,2021-01-10 03:49:41,32.6475,110.7781,40.33,48,100,5.86
557,Lakeland Highlands,US,2021-01-10 03:49:41,27.9597,-81.9501,48.0,76,90,5.82
558,College,US,2021-01-10 03:49:42,64.8569,-147.8028,10.4,85,75,2.62
559,Benghazi,LY,2021-01-10 03:49:42,32.1167,20.0667,67.05,48,37,16.55
560,Zabaykalsk,RU,2021-01-10 03:49:42,49.6333,117.3167,0.52,86,63,10.69
561,Luganville,VU,2021-01-10 03:49:43,-15.5333,167.1667,83.79,78,98,4.97
